"8","Ankur Sinha","100","9988877768","ankur218@yahoo.com","45 XYZ Street ABC Nagar Chennai 80","6000","0","1","1","CANCELLED","11181508092014","1234567891234567"
"9","Ankur Sinha","100","9988877768","ankur218@yahoo.com","45 XYZ Street ABC Nagar Chennai 80","6000","0","1","1","Booked","11181508092114","1234567891234567"
"10","Ankur Sinha","100","9988877768","ankur218@yahoo.com","45 XYZ Street ABC Nagar Chennai 80","6000","0","1","1","Booked","12350308092014","1234567891234567"
"11","Ankur Sinha","100","9988877768","ankur218@yahoo.com","45 XYZ Street ABC Nagar Chennai 80","6000","0","1","1","Booked","12350308092114","1234567891234567"
"12","Ankur Sinha","100","9988877768","ankur218@yahoo.com","45 XYZ Street ABC Nagar Chennai 80","6000","0","1","1","Booked","14203508092014","1234567891234567"
"13","divya gahlot","100","9988877768","divya218@yahoo.com","45 XYZ Street ABC Nagar Chennai 80","6000","0","1","1","Booked","14203508092114","1234567891234567"
"14","Ankur Sinha","100","9988877768","ankur218@yahoo.com","45 XYZ Street ABC Nagar Chennai 80","6000","0","1","1","Booked","16591529072019","1234567891234567"
"15","Ankur Sinha","100","9988877768","ankur218@yahoo.com","45 XYZ Street ABC Nagar Chennai 80","6000","0","1","1","CANCELLED","16591529072119","1234567891234567"
"16","Ankur Sinha","100","9988877768","ankur218@yahoo.com","45 XYZ Street ABC Nagar Chennai 80","6000","0","1","1","Booked","17182029072019","1234567891234567"
"17","Ankur Sinha","100","9988877768","ankur218@yahoo.com","45 XYZ Street ABC Nagar Chennai 80","6000","0","1","1","Booked","17182029072119","1234567891234567"
"18","Ankur Sinha","100","9988877768","ankur218@yahoo.com","45 XYZ Street ABC Nagar Chennai 80","6000","0","1","1","Booked","17534729072019","1234567891234567"
"19","Ankur Sinha","100","9988877768","ankur218@yahoo.com","45 XYZ Street ABC Nagar Chennai 80","6000","0","1","1","Booked","17534729072119","1234567891234567"
"20","Divya Gahlot","100","9988877768","ankur218@yahoo.com","45 XYZ Street ABC Nagar Chennai 80","6000","0","1","1","Booked","22350810082019","1234567891234567"
"21","Divya Gahlot","100","9988877768","ankur218@yahoo.com","45 XYZ Street ABC Nagar Chennai 80","6000","0","1","1","Booked","22350810082119","1234567891234567"
"22","Divya Gahlot","102","9234567890","divyagahlot@gmail.com","Ispatika Appts., New Delhi","6000","0","1","1","CANCELLED","23045510082019","1234567891234567"
"23","Divya Gahlot","102","9234567890","divyagahlot@gmail.com","Ispatika Appts., New Delhi","6000","0","1","1","Booked","23045610082119","1234567891234567"
"24","Divya Gahlot","102","9234567890","divyagahlot@gmail.com","Ispatika Appts., New Delhi","6000","0","1","1","Booked","11142128082019","1234567891234567"
"25","Divya Gahlot","102","9234567890","divyagahlot@gmail.com","Ispatika Appts., New Delhi","6000","0","1","1","Booked","11142128082119","1234567891234567"
"26","Divya Gahlot","102","9234567890","divyagahlot@gmail.com","Ispatika Appts., New Delhi","6000","0","1","1","Booked","13582728082019","1234567891234567"
"27","Divya Gahlot","102","9234567890","divyagahlot@gmail.com","Ispatika Appts., New Delhi","6000","0","1","1","Booked","13582728082119","1234567891234567"
